Topic,Count,Name,Representation,Representative_Docs,generatedTopic,isPositiveSentiment,product
0,113,0_ads_tablet_slow_apps,"['ads', 'tablet', 'slow', 'apps', 'half', 'tube', 'internet', 'limited', 'problem', 'able']","['bothered ads tablet', 'internet slow tablet', 'slow tablet']",Performance and Advertisements,False,"Fire Tablet, 7 Display, Wi-Fi, 8 GB - Includes Special Offers, Magenta"
1,62,1_cheap_slow_disappointed_tablet,"['cheap', 'slow', 'disappointed', 'tablet', 'bad', 'got', 'low', 'works', 'performance', 'worst']","['wanted cheap tablet', 'cheap tablet amazon', 'tablet extremely cheap']",Affordable Tablet Options,False,"Fire Tablet, 7 Display, Wi-Fi, 8 GB - Includes Special Offers, Magenta"
2,57,2_tablet_wifi_amazon_returned,"['tablet', 'wifi', 'amazon', 'returned', 'device', 'need', 'barely', 'phone', 'needs', 'apps']","['spend device barely', 'problem work wifi', 'tablet returned day']",Frequent device malfunctions and poor Wi-Fi connectivity,False,"Fire Tablet, 7 Display, Wi-Fi, 8 GB - Includes Special Offers, Magenta"
3,51,3_didnt_dont_wouldnt_doesnt,"['didnt', 'dont', 'wouldnt', 'doesnt', 'like', 'really', 'wasnt', 'work', 'know', 'play']","['dont like tablet', 'didnt like return', 'didnt like']",Customer Dissatisfaction with Tablets,False,"Fire Tablet, 7 Display, Wi-Fi, 8 GB - Includes Special Offers, Magenta"
4,44,4_price_good_size_memory,"['price', 'good', 'size', 'memory', 'purchase', 'kindle', 'like', 'great', 'recommend', 'use']","['recommend memory card', 'purchase price', 'takes price good']",Good value for an entertainment tablet.,False,"Fire Tablet, 7 Display, Wi-Fi, 8 GB - Includes Special Offers, Magenta"
0,2853,0_tablet_easy_use_bought,"['tablet', 'easy', 'use', 'bought', 'price', 'kids', 'games', 'read', 'kindle', 'apps']","['tablet easy', 'kids easy use', 'easy use price']",User-friendliness and Value for Money,True,"Fire Tablet, 7 Display, Wi-Fi, 8 GB - Includes Special Offers, Magenta"
1,2704,1_tablet_cheap_little_dont,"['tablet', 'cheap', 'little', 'dont', 'doesnt', 'price', 'battery', 'need', 'use', 'didnt']","['great tablet dont', 'little tablet price', 'cheap little tablet']",Affordable Tablet Experience,True,"Fire Tablet, 7 Display, Wi-Fi, 8 GB - Includes Special Offers, Magenta"
2,2203,2_great_good_tablet_price,"['great', 'good', 'tablet', 'price', 'nice', 'product', 'perfect', 'recommend', 'happy', 'excellent']","['great tablet price', 'great tablet price', 'good great price']",Value and affordability of tablets.,True,"Fire Tablet, 7 Display, Wi-Fi, 8 GB - Includes Special Offers, Magenta"
3,1727,3_loves_love_gift_daughter,"['loves', 'love', 'gift', 'daughter', 'bought', 'son', 'christmas', 'loved', 'old', 'tablet']","['gift daughter loves', 'loves tablet', 'loves tablet']",Popularity as a Gift,True,"Fire Tablet, 7 Display, Wi-Fi, 8 GB - Includes Special Offers, Magenta"
4,1139,4_tablet_amazon_use_kindle,"['tablet', 'amazon', 'use', 'kindle', 'easy', 'apps', 'like', 'price', 'store', 'reading']","['tablet easy use', 'use tablet', 'amazon tablet']",Ease of Use and Everyday Utility of Tablets,True,"Fire Tablet, 7 Display, Wi-Fi, 8 GB - Includes Special Offers, Magenta"
0,176,0_cheap_dont_batteries_work,"['cheap', 'dont', 'batteries', 'work', 'amazon', 'terrible', 'barely', 'didnt', 'long', 'charge']","['batteries cheap', 'batteries dont work', 'batteries dont work']",Battery Performance Issues,False,AmazonBasics AAA Performance Alkaline Batteries (36 Count)
1,171,1_bad_worst_batch_batteries,"['bad', 'worst', 'batch', 'batteries', 'dead', 'waste', 'disappointed', 'die', 'money', 'got']","['got bad batch', 'got bad batch', 'got bad batch']",Consistent Quality Concerns,False,AmazonBasics AAA Performance Alkaline Batteries (36 Count)
2,167,2_batteries_leaked_leaking_battery,"['batteries', 'leaked', 'leaking', 'battery', 'low', 'leak', 'horrible', 'use', 'short', 'drained']","['leaked recharge battery', 'working batteries leaked', 'use batteries leaking']",Battery Leakage Issues,False,AmazonBasics AAA Performance Alkaline Batteries (36 Count)
3,165,3_batteries_dont_didnt_long,"['batteries', 'dont', 'didnt', 'long', 'used', 'half', 'battery', 'buy', 'worked', 'remote']","['dont long batteries', 'batteries dont long', 'batteries dont long']",Battery life concerns.,False,AmazonBasics AAA Performance Alkaline Batteries (36 Count)
4,96,4_long_dont_good_batteries,"['long', 'dont', 'good', 'batteries', 'brands', 'run', 'week', 'far', 'great', 'life']","['dont long', 'dont long', 'dont long']",Device Durability,False,AmazonBasics AAA Performance Alkaline Batteries (36 Count)
0,2226,0_batteries_long_dont_cheap,"['batteries', 'long', 'dont', 'cheap', 'longer', 'battery', 'havent', 'expensive', 'need', 'used']","['price dont long', 'long batteries', 'dont long cheap']",Device Longevity and Value,True,AmazonBasics AAA Performance Alkaline Batteries (36 Count)
1,1840,1_batteries_price_work_amazon,"['batteries', 'price', 'work', 'amazon', 'brand', 'long', 'buy', 'great', 'brands', 'better']","['batteries great price', 'batteries batteries work', 'batteries great price']",Battery Life and Value,True,AmazonBasics AAA Performance Alkaline Batteries (36 Count)
2,1326,2_good_great_value_product,"['good', 'great', 'value', 'product', 'deal', 'price', 'work', 'works', 'quality', 'far']","['good great price', 'great price good', 'good great value']",Value and Affordability of Tablets,True,AmazonBasics AAA Performance Alkaline Batteries (36 Count)
3,1231,3_good_batteries_price_great,"['good', 'batteries', 'price', 'great', 'battery', 'product', 'fast', 'work', 'value', 'love']","['batteries good price', 'batteries price good', 'batteries good price']",**Discussion Topic: Value and Performance of Budget-Friendly Tablets**,True,AmazonBasics AAA Performance Alkaline Batteries (36 Count)
4,131,4_great_price_buy_hold,"['great', 'price', 'buy', 'hold', 'time', 'gotta', 'fast', 'said', 'soon', 'way']","['great price', 'great price', 'great price']",Affordable Value,True,AmazonBasics AAA Performance Alkaline Batteries (36 Count)
0,24,0_frustrating_disappointed_useless_product,"['frustrating', 'disappointed', 'useless', 'product', 'connection', 'time', 'hard', 'unsatisfied', 'tried', 'socketsss']","['getting connection sucks', 'hard time trying', 'hard time answering']",Difficulty with device responsiveness and connectivity.,False,"Echo (White),,,
Echo (White),,,"
1,19,1_advertised_echo_command_bought,"['advertised', 'echo', 'command', 'bought', 'google', 'limited', 'alexa', 'useful', 'expected', 'itselfwithout']","['fairly limited bought', 'command alexa turn', 'echo simply advertised']",Voice control features and their actual utility.,False,"Echo (White),,,
Echo (White),,,"
2,19,2_dont_wasnt_doesnt_answer,"['dont', 'wasnt', 'doesnt', 'answer', 'money', 'know', 'questions', 'say', 'waste', 'didnt']","['standard answer dont', 'didnt know answer', 'doesnt answer questions']",Poorly Functioning Voice Assistant,False,"Echo (White),,,
Echo (White),,,"
3,15,3_wouldnt_connect_connected_wifi,"['wouldnt', 'connect', 'connected', 'wifi', 'improvement', 'youll', 'inaccessible', 'connectivity', 'hour', 'needed']","['inaccessible connected wifi', 'wouldnt connect smart', 'hour wouldnt connect']",Connectivity Issues,False,"Echo (White),,,
Echo (White),,,"
4,11,4_best_able_ai_technology,"['best', 'able', 'ai', 'technology', 'shopping', 'servive', 'review', 'returning', 'remedial', 'putting']","['review based fact', 'ai remedial best', 'servive best buy']",AI-driven improvements in customer service and product reliability.,False,"Echo (White),,,
Echo (White),,,"
0,2062,0_music_echo_bought_alexa,"['music', 'echo', 'bought', 'alexa', 'weather', 'play', 'use', 'easy', 'listen', 'home']","['music play', 'like play music', 'weather play music']",Entertainment on the Go,True,"Echo (White),,,
Echo (White),,,"
1,1777,1_doesnt_use_need_dont,"['doesnt', 'use', 'need', 'dont', 'echo', 'didnt', 'amazon', 'used', 'havent', 'needs']","['echo home use', 'set use doesnt', 'amazon echo use']",**Topic: The Expanding Role of Smart Devices in Everyday Life**,True,"Echo (White),,,
Echo (White),,,"
2,1142,2_great_fun_product_good,"['great', 'fun', 'product', 'good', 'amazing', 'awesome', 'echo', 'enjoy', 'works', 'use']","['echo great product', 'echo great product', 'echo great product']",The growing ecosystem of smart devices.,True,"Echo (White),,,
Echo (White),,,"
3,852,3_alexa_amazon_easy_use,"['alexa', 'amazon', 'easy', 'use', 'echo', 'better', 'ask', 'set', 'home', 'like']","['amazon echo easy', 'amazon alexa', 'amazon echo alexa']",Ease of Voice Assistant Integration,True,"Echo (White),,,
Echo (White),,,"
4,693,4_love_loves_echo_alexa,"['love', 'loves', 'echo', 'alexa', 'loved', 'family', 'wife', 'amazon', 'gift', 'christmas']","['echo love music', 'love alexa echo', 'love love love']",The Growing Integration of Voice Assistants in Everyday Life,True,"Echo (White),,,
Echo (White),,,"
0,19,0_problem_error_tv_device,"['problem', 'error', 'tv', 'device', 'connection', 'read', 'login', 'didnt', 'leave', 'wrong']","['problem hip softwaredecoded', 'problem tv box', 'tv problem reason']",Software and device compatibility issues,False,
1,17,1_working_extremely_defective_compared,"['working', 'extremely', 'defective', 'compared', 'defeats', 'comes', 'dead', 'cheap', 'customer', 'claim']","['constantly froze working', 'stops working comes', 'working freezes old']",Frequent Freezing and Performance Issues,False,
2,14,2_time_amazon_lot_stuck,"['time', 'amazon', 'lot', 'stuck', 'pay', 'told', 'boot', 'hate', 'lags', 'little']","['netflix time hate', 'lot time subscribing', 'hard time trying']",Content Access Challenges,False,
3,12,3_store_dont_buffer_weve,"['store', 'dont', 'buffer', 'weve', 'checked', 'care', 'need', 'dvd', 'hdr', 'cable']","['connection returning store', 'product dont know', 'dont care live']",**Topic: User Experience with Digital Content and Device Reliability**,False,
4,11,4_definitely_wish_server_spectrum,"['definitely', 'wish', 'server', 'spectrum', 'hulu', 'great', 'good', 'accessibility', 'free', 'fast']","['good product definitely', 'unit great accessibility', 'buy antenna watch']",Versatile Entertainment and Accessibility,False,
0,1496,0_easy_better_tv_use,"['easy', 'better', 'tv', 'use', 'watch', 'movies', 'faster', 'streaming', 'apps', 'works']","['tv apps easy', 'easy use', 'tv easy']",Ease of media consumption and user-friendliness.,True,
1,1372,1_great_love_product_recommend,"['great', 'love', 'product', 'recommend', 'good', 'best', 'works', 'awesome', 'amazon', 'streaming']","['great product', 'great product recommend', 'great product recommend']",Highly Recommended Tech Gadget,True,
2,864,2_stick_cable_tv_need,"['stick', 'cable', 'tv', 'need', 'vue', 'amazon', 'cut', 'firetv', 'want', 'needed']","['amazon stick tv', 'stick tv', 'stick tv']",Streaming Device Performance,True,
3,797,3_dont_cable_doesnt_tv,"['dont', 'cable', 'doesnt', 'tv', 'little', 'problem', 'didnt', 'issues', 'havent', 'lag']","['dont cable good', 'dont watch cable', 'dont use cable']",Cable TV Alternatives and Cord-Cutting Trends,True,
4,448,4_tv_amazon_use_easy,"['tv', 'amazon', 'use', 'easy', 'setup', 'apple', 'netflix', 'roku', 'box', 'sd']","['amazon tv', 'use amazon tv', 'amazon tv use']",Ease of use with Amazon TV connectivity,True,
0,99,0_dont_long_batteries_didnt,"['dont', 'long', 'batteries', 'didnt', 'buy', 'half', 'used', 'work', 'duracell', 'wouldnt']","['dont long', 'dont long batteries', 'dont long batteries']",Battery life and durability concerns.,False,AmazonBasics AA Performance Alkaline Batteries (48 Count) - Packaging May Vary
1,83,1_batteries_bad_quickly_worst,"['batteries', 'bad', 'quickly', 'worst', 'disappointed', 'die', 'batch', 'horrible', 'garbage', 'crap']","['bad batteries long', 'batteries die quickly', 'batteries die quickly']",Battery life issues,False,AmazonBasics AA Performance Alkaline Batteries (48 Count) - Packaging May Vary
2,61,2_batteries_battery_life_short,"['batteries', 'battery', 'life', 'short', 'buy', 'low', 'remote', 'terrible', 'cheap', 'replaced']","['short battery life', 'batteries short life', 'batteries short life']",Frequent battery depletion.,False,AmazonBasics AA Performance Alkaline Batteries (48 Count) - Packaging May Vary
3,59,3_leaking_leaked_leak_use,"['leaking', 'leaked', 'leak', 'use', 'product', 'problem', 'change', 'mouse', 'acid', 'wore']","['leaked battery acid', 'leaked battery acid', 'use batteries leaking']",Battery leakage issues.,False,AmazonBasics AA Performance Alkaline Batteries (48 Count) - Packaging May Vary
4,31,4_good_long_lasting_batteries,"['good', 'long', 'lasting', 'batteries', 'purchase', 'duracell', 'dont', 'remote', 'lights', 'later']","['good dont week', 'long good batteries', 'batteries good']",**Discussion Topic: Portable Device Longevity**,False,AmazonBasics AA Performance Alkaline Batteries (48 Count) - Packaging May Vary
0,1090,0_batteries_price_work_great,"['batteries', 'price', 'work', 'great', 'brand', 'long', 'love', 'good', 'buy', 'amazon']","['batteries great price', 'great batteries price', 'great batteries price']",Affordable power for devices,True,AmazonBasics AA Performance Alkaline Batteries (48 Count) - Packaging May Vary
1,994,1_batteries_long_cheap_dont,"['batteries', 'long', 'cheap', 'dont', 'longer', 'battery', 'need', 'amazon', 'expensive', 'used']","['batteries longer cheap', 'batteries long longer', 'batteries dont long']",Battery life expectations and performance.,True,AmazonBasics AA Performance Alkaline Batteries (48 Count) - Packaging May Vary
2,647,2_good_great_price_product,"['good', 'great', 'price', 'product', 'batteries', 'work', 'buy', 'value', 'works', 'excellent']","['great product good', 'great price good', 'great price good']",Value and Performance for Everyday Use,True,AmazonBasics AA Performance Alkaline Batteries (48 Count) - Packaging May Vary
3,225,3_good_value_great_far,"['good', 'value', 'great', 'far', 'work', 'quality', 'deal', 'performance', 'works', 'item']","['good value', 'good value', 'great good value']",Value for Money,True,AmazonBasics AA Performance Alkaline Batteries (48 Count) - Packaging May Vary
4,56,4_price_great_everyday_charge,"['price', 'great', 'everyday', 'charge', 'brands', 'brand', '', '', '', '']","['great price', 'great price', 'great price']",Affordability and Value,True,AmazonBasics AA Performance Alkaline Batteries (48 Count) - Packaging May Vary
0,19,0_ad_day_like_opportunity,"['ad', 'day', 'like', 'opportunity', 'owned', 'pay', 'horriblejust', 'advertisements', 'single', 'guess']","['advertisements day guess', 'pay single ad', 'pay single ad']",Ad-Free Experience for Tablets,False,"All-New Fire HD 8 Tablet, 8 HD Display, Wi-Fi, 16 GB - Includes Special Offers, Magenta"
1,16,1_run_remove_try_cheap,"['run', 'remove', 'try', 'cheap', 'chrome', 'ipad', 'tablet', 'lack', 'browser', 'buttons']","['try buttons remove', 'cheap run chrome', 'cheap run chrome']",Performance and Value in Budget Tablets,False,"All-New Fire HD 8 Tablet, 8 HD Display, Wi-Fi, 16 GB - Includes Special Offers, Magenta"
2,13,2_minutes_built_use_pieces,"['minutes', 'built', 'use', 'pieces', 'life', 'tablet', 'amazon', 'returning', 'shoot', 'touch']","['built amazon pieces', 'life use minutes', 'life use minutes']",Tablet for everyday use,False,"All-New Fire HD 8 Tablet, 8 HD Display, Wi-Fi, 16 GB - Includes Special Offers, Magenta"
3,12,3_device_dont_videoit_alot,"['device', 'dont', 'videoit', 'alot', 'buffers', 'didnt', 'buy', 'sites', 'shop', 'paperweight']","['videoit buffers alot', 'dont buy device', 'dont buy device']",Streaming Performance Issues,False,"All-New Fire HD 8 Tablet, 8 HD Display, Wi-Fi, 16 GB - Includes Special Offers, Magenta"
4,6,4_size_powerful_brought_tablet,"['size', 'powerful', 'brought', 'tablet', 'way', 'th', 'kindlle', 'exchange', 'different', 'bring']","['brought tablet', 'tablet powerful size', 'tablet powerful size']",**Discussion Topic:** The balance of power and portability in a tablet.,False,"All-New Fire HD 8 Tablet, 8 HD Display, Wi-Fi, 16 GB - Includes Special Offers, Magenta"
0,1042,0_tablet_use_ipad_need,"['tablet', 'use', 'ipad', 'need', 'kindle', 'didnt', 'cheap', 'expensive', 'old', 'doesnt']","['tablet use', 'kindle use tablet', 'use tablet']",Tablet Usage and Utility,True,"All-New Fire HD 8 Tablet, 8 HD Display, Wi-Fi, 16 GB - Includes Special Offers, Magenta"
1,704,1_kindle_tablet_books_use,"['kindle', 'tablet', 'books', 'use', 'reading', 'easy', 'bought', 'better', 'apps', 'amazon']","['use tablet easy', 'easy use tablet', 'easy use kindle']",Ease of Use and Accessibility,True,"All-New Fire HD 8 Tablet, 8 HD Display, Wi-Fi, 16 GB - Includes Special Offers, Magenta"
2,691,2_great_easy_price_tablet,"['great', 'easy', 'price', 'tablet', 'use', 'best', 'works', 'recommend', 'size', 'product']","['tablet great price', 'tablet great price', 'tablet great easy']",Affordable and User-Friendly Tablets,True,"All-New Fire HD 8 Tablet, 8 HD Display, Wi-Fi, 16 GB - Includes Special Offers, Magenta"
3,602,3_great_good_love_tablet,"['great', 'good', 'love', 'tablet', 'price', 'nice', 'kindle', 'gift', 'perfect', 'awesome']","['price great', 'good tablet price', 'love tablet good']",Affordable Tablet Value,True,"All-New Fire HD 8 Tablet, 8 HD Display, Wi-Fi, 16 GB - Includes Special Offers, Magenta"
4,501,4_loves_love_bought_daughter,"['loves', 'love', 'bought', 'daughter', 'gift', 'christmas', 'kids', 'wife', 'son', 'old']","['gift daughter loves', 'gift daughter loves', 'bought daughter loves']",Popularity as a Gift for Children,True,"All-New Fire HD 8 Tablet, 8 HD Display, Wi-Fi, 16 GB - Includes Special Offers, Magenta"
0,8,0_read_big_edition_access,"['read', 'big', 'edition', 'access', 'happytime', 'ereader', 'jumpy', 'ebookwhich', 'backlighting', 'make']","['nice ereader big', 'edition backlighting big', 'people want read']",A New Way to Read,False,"Amazon Kindle Paperwhite - eBook reader - 4 GB - 6 monochrome Paperwhite - touchscreen - Wi-Fi - black,,,"
1,7,1_homepage_nonsense_like_old,"['homepage', 'nonsense', 'like', 'old', 'disappears', 'difficult', 'confusing', 'operate', 'annoying', 'person']","['difficult operate problems', 'like scrolling old', 'homepage disappears search']",Difficulties with Tablet Functionality,False,"Amazon Kindle Paperwhite - eBook reader - 4 GB - 6 monochrome Paperwhite - touchscreen - Wi-Fi - black,,,"
2,6,2_load_dont_buy_apps,"['load', 'dont', 'buy', 'apps', 'best', 'usb', 'returned', 'option', 'kindle', 'instead']","['easy use load', 'best buy instead', 'dont buy dont']",Ease of Use Versus Value for Money,False,"Amazon Kindle Paperwhite - eBook reader - 4 GB - 6 monochrome Paperwhite - touchscreen - Wi-Fi - black,,,"
3,6,3_doesnt_didnt_work_books,"['doesnt', 'didnt', 'work', 'books', 'youtube', 'wouldnt', 'stay', 'preloaded', 'particular', 'page']","['books cloudit doesnt', 'download books didnt', 'didnt work particular']",Troubleshooting E-reader Content Access,False,"Amazon Kindle Paperwhite - eBook reader - 4 GB - 6 monochrome Paperwhite - touchscreen - Wi-Fi - black,,,"
4,3,4_purchased_months_hated_gave,"['purchased', 'months', 'hated', 'gave', 'froze', 'defective', 'brought', 'bestbuy', 'amazon', '']","['months purchased froze', 'amazon hated gave', 'defective brought bestbuy']",Frequent Device Malfunctions and Returns,False,"Amazon Kindle Paperwhite - eBook reader - 4 GB - 6 monochrome Paperwhite - touchscreen - Wi-Fi - black,,,"
0,1005,0_read_easy_kindle_books,"['read', 'easy', 'kindle', 'books', 'reading', 'use', 'better', 'light', 'like', 'book']","['paperwhite easy read', 'reading kindle easy', 'paperwhite easy read']",Easy Reading Experience,True,"Amazon Kindle Paperwhite - eBook reader - 4 GB - 6 monochrome Paperwhite - touchscreen - Wi-Fi - black,,,"
1,988,1_love_great_loves_kindle,"['love', 'great', 'loves', 'kindle', 'gift', 'reading', 'good', 'best', 'product', 'read']","['kindle love', 'loves read love', 'great reading loves']",Ideal for Reading Enthusiasts,True,"Amazon Kindle Paperwhite - eBook reader - 4 GB - 6 monochrome Paperwhite - touchscreen - Wi-Fi - black,,,"
2,512,2_battery_dont_didnt_problem,"['battery', 'dont', 'didnt', 'problem', 'device', 'doesnt', 'read', 'long', 'screen', 'wasnt']","['use long battery', 'read dont light', 'kindle dont read']",Optimizing Reading Experience on Tablets,True,"Amazon Kindle Paperwhite - eBook reader - 4 GB - 6 monochrome Paperwhite - touchscreen - Wi-Fi - black,,,"
3,415,3_paperwhite_kindle_need_old,"['paperwhite', 'kindle', 'need', 'old', 'glare', 'paper', 'books', 'white', 'replace', 'reading']","['kindle paperwhite', 'kindle paperwhite', 'kindle paperwhite']",E-reader comparisons,True,"Amazon Kindle Paperwhite - eBook reader - 4 GB - 6 monochrome Paperwhite - touchscreen - Wi-Fi - black,,,"
4,225,4_kindle_paperwhite_read_bed,"['kindle', 'paperwhite', 'read', 'bed', 'tablet', 'use', 'like', 'reading', 'ipad', 'easy']","['kindle paperwhite easy', 'kindle paperwhite easy', 'kindle paperwhite easy']",**Comparing E-readers and Tablets for Reading**,True,"Amazon Kindle Paperwhite - eBook reader - 4 GB - 6 monochrome Paperwhite - touchscreen - Wi-Fi - black,,,"
0,31,0_doesnt_didnt_wouldnt_yr,"['doesnt', 'didnt', 'wouldnt', 'yr', 'lack', 'useful', 'dont', 'decided', 'freezes', 'thrilled']","['didnt useful yr', 'didnt useful yr', 'didnt useful yr']",Durability Concerns Over Time,False,"Fire Kids Edition Tablet, 7 Display, Wi-Fi, 16 GB, Green Kid-Proof Case"
1,25,1_confusing_internet_amazon_ended,"['confusing', 'internet', 'amazon', 'ended', 'disappointing', 'return', 'apps', 'junk', 'connect', 'worse']","['ended return disappointing', 'amazon really confusing', 'amazon really confusing']",Frustration with a tech product's user experience.,False,"Fire Kids Edition Tablet, 7 Display, Wi-Fi, 16 GB, Green Kid-Proof Case"
2,18,2_apps_tablet_paid_loaded,"['apps', 'tablet', 'paid', 'loaded', 'like', 'required', 'took', 'storage', 'samsungs', 'protective']","['loaded paid apps', 'loaded paid apps', 'loaded paid apps']",Pre-installed Software Value,False,"Fire Kids Edition Tablet, 7 Display, Wi-Fi, 16 GB, Green Kid-Proof Case"
3,17,3_tablets_repossess_ipad_loose,"['tablets', 'repossess', 'ipad', 'loose', 'got', 'charging', 'gotten', 'bit', 'exaggerating', 'different']","['tablets repossess ipad', 'tablets repossess ipad', 'tablets repossess ipad']",Comparing affordable tablets to premium devices.,False,"Fire Kids Edition Tablet, 7 Display, Wi-Fi, 16 GB, Green Kid-Proof Case"
4,11,4_good_daughter_use_tried,"['good', 'daughter', 'use', 'tried', 'thats', 'thanks', 'ok', 'likes', 'bestbuy', 'quality']","['quality good dont', 'good ok use', 'good ok use']",**Topic: Everyday User Experience and Device Performance**,False,"Fire Kids Edition Tablet, 7 Display, Wi-Fi, 16 GB, Green Kid-Proof Case"
0,859,0_tablet_old_doesnt_use,"['tablet', 'old', 'doesnt', 'use', 'dont', 'little', 'slow', 'battery', 'dropped', 'parental']","['tablet children doesnt', 'old easy use', 'great tablet doesnt']",Tablet suitability for children and ease of use.,True,"Fire Kids Edition Tablet, 7 Display, Wi-Fi, 16 GB, Green Kid-Proof Case"
1,711,1_loves_daughter_love_grandson,"['loves', 'daughter', 'love', 'grandson', 'granddaughter', 'old', 'bought', 'tablet', 'son', 'christmas']","['tablet daughter loves', 'tablet daughter loves', 'daughter loves tablet']",**Topic:** **Children's Tablet Experiences**,True,"Fire Kids Edition Tablet, 7 Display, Wi-Fi, 16 GB, Green Kid-Proof Case"
2,664,2_kids_apps_tablet_games,"['kids', 'apps', 'tablet', 'games', 'great', 'use', 'play', 'educational', 'easy', 'kid']","['apps games', 'apps games', 'kids apps']","Tablet usage for apps and games, especially for children.",True,"Fire Kids Edition Tablet, 7 Display, Wi-Fi, 16 GB, Green Kid-Proof Case"
3,479,3_great_good_love_kids,"['great', 'good', 'love', 'kids', 'fun', 'learning', 'tablet', 'product', 'perfect', 'entertained']","['great tablet kids', 'tablet kids great', 'great tablet kids']",Kids' Entertainment and Learning Tablets,True,"Fire Kids Edition Tablet, 7 Display, Wi-Fi, 16 GB, Green Kid-Proof Case"
4,295,4_easy_tablet_amazon_use,"['easy', 'tablet', 'amazon', 'use', 'bought', 'time', 'free', 'kids', 'games', 'case']","['easy use kids', 'easy kids use', 'tablet easy use']",Ease of use for children.,True,"Fire Kids Edition Tablet, 7 Display, Wi-Fi, 16 GB, Green Kid-Proof Case"
0,28,0_bad_ads_tablet_tablets,"['bad', 'ads', 'tablet', 'tablets', 'version', 'updated', 'android', 'poor', 'randomly', 'install']","['android tablets bad', 'android tablets bad', 'android tablets bad']",**The Decline of Android Tablets**,False,"Fire Tablet with Alexa, 7 Display, 16 GB, Blue - with Special Offers"
1,27,1_battery_frustrating_aware_user,"['battery', 'frustrating', 'aware', 'user', 'defect', 'apps', 'expected', 'experience', 'facebook', 'product']","['facebook apps expected', 'facebook apps expected', 'facebook apps expected']",Disappointment with app compatibility.,False,"Fire Tablet with Alexa, 7 Display, 16 GB, Blue - with Special Offers"
2,20,2_gives_misleading_th_generation,"['gives', 'misleading', 'th', 'generation', 'want', 'work', 'wouldnt', 'impressed', 'disappointed', 'product']","['misleading gives want', 'misleading gives want', 'misleading gives want']",Deceptive Advertising Practices,False,"Fire Tablet with Alexa, 7 Display, 16 GB, Blue - with Special Offers"
3,5,3_buying_month_iti_want,"['buying', 'month', 'iti', 'want', '', '', '', '', '', '']","['buying month buying', 'buying month buying', 'buying month buying']",**Considerations for purchasing a new tablet.**,False,"Fire Tablet with Alexa, 7 Display, 16 GB, Blue - with Special Offers"
4,4,4_slower_slow_performance_downloading,"['slower', 'slow', 'performance', 'downloading', 'dont', 'atleast', '', '', '', '']","['slow performance dont', 'slower atleast downloading', 'slower atleast downloading']",Performance Issues and Speed,False,"Fire Tablet with Alexa, 7 Display, 16 GB, Blue - with Special Offers"
0,668,0_tablet_use_wanted_need,"['tablet', 'use', 'wanted', 'need', 'battery', 'cheap', 'kindle', 'doesnt', 'old', 'little']","['purchased tablet use', 'like tablet use', 'wanted tablet']",**Topic: User Experiences with a Popular Tablet Device**,True,"Fire Tablet with Alexa, 7 Display, 16 GB, Blue - with Special Offers"
1,529,1_love_easy_tablet_use,"['love', 'easy', 'tablet', 'use', 'price', 'kindle', 'loved', 'works', 'best', 'great']","['love tablet best', 'love easy use', 'love easy use']",User-Friendliness and Overall Satisfaction,True,"Fire Tablet with Alexa, 7 Display, 16 GB, Blue - with Special Offers"
2,467,2_good_great_tablet_price,"['good', 'great', 'tablet', 'price', 'perfect', 'product', 'nice', 'excellent', 'kids', 'quality']","['good tablet price', 'good tablet price', 'good tablet price']",Affordable Tablet Value,True,"Fire Tablet with Alexa, 7 Display, 16 GB, Blue - with Special Offers"
3,458,3_loves_books_bought_read,"['loves', 'books', 'bought', 'read', 'daughter', 'gift', 'reading', 'old', 'son', 'easy']","['daughter loves read', 'loves daughter bought', 'loves daughter bought']",**Topic:** User Satisfaction and Gifting Potential,True,"Fire Tablet with Alexa, 7 Display, 16 GB, Blue - with Special Offers"
4,286,4_tablet_amazon_kindle_bought,"['tablet', 'amazon', 'kindle', 'bought', 'easy', 'using', 'play', 'wouldnt', 'replace', 'basic']","['amazon tablet easy', 'amazon tablet easy', 'amazon tablet bought']",User-friendliness and Accessibility,True,"Fire Tablet with Alexa, 7 Display, 16 GB, Blue - with Special Offers"
0,12,0_advertisements_sucks_clunky_consumer,"['advertisements', 'sucks', 'clunky', 'consumer', 'day', 'business', 'charging', 'carrasoul', 'horriblejust', 'browser']","['browser kind clunky', 'advertisements day guess', 'consumer opportunity unbecoming']",**Discussion Topic: User Experience with Budget Tablets**,False,"Fire HD 8 Tablet with Alexa, 8 HD Display, 16 GB, Tangerine - with Special Offers"
1,10,1_alot_load_wait_videoit,"['alot', 'load', 'wait', 'videoit', 'version', 'vendor', 'wont', 'replacement', 'purchased', 'performance']","['wont load blanking', 'earlier line vendor', 'isnt compatible paperweight']",Compatibility Issues and Product Performance,False,"Fire HD 8 Tablet with Alexa, 8 HD Display, 16 GB, Tangerine - with Special Offers"
2,9,2_tablet_minutes_diapointed_planning,"['tablet', 'minutes', 'diapointed', 'planning', 'need', 'restarts', 'life', 'library', 'wasnt', 'happy']","['happy tablet unhappy', 'restarts tablet plug', 'planning returning tablet']",Frequent device restarts and performance issues.,False,"Fire HD 8 Tablet with Alexa, 8 HD Display, 16 GB, Tangerine - with Special Offers"
3,9,3_didnt_dont_features_store,"['didnt', 'dont', 'features', 'store', 'sites', 'single', 'pay', 'looking', 'hoping', 'told']","['tried tablet didnt', 'didnt want sites', 'didnt features looking']",**Topic: User Experience with New Tablets**,False,"Fire HD 8 Tablet with Alexa, 8 HD Display, 16 GB, Tangerine - with Special Offers"
4,4,4_unit_touch_th_way,"['unit', 'touch', 'th', 'way', 'size', 'repaired', 'powerful', 'kindlle', 'exchange', 'different']","['touch unit repaired', 'bring exchange different', 'way th kindlle']",Device Functionality and Repair Options,False,"Fire HD 8 Tablet with Alexa, 8 HD Display, 16 GB, Tangerine - with Special Offers"
0,723,0_tablet_use_need_ipad,"['tablet', 'use', 'need', 'ipad', 'amazon', 'kindle', 'didnt', 'cheap', 'expensive', 'old']","['tablet use', 'use kindle tablet', 'use tablet']",Versatile Tablet Usage,True,"Fire HD 8 Tablet with Alexa, 8 HD Display, 16 GB, Tangerine - with Special Offers"
1,541,1_easy_use_books_read,"['easy', 'use', 'books', 'read', 'kindle', 'amazon', 'price', 'tablet', 'great', 'reading']","['tablet great easy', 'easy use read', 'read books kindle']",Reading on Tablets,True,"Fire HD 8 Tablet with Alexa, 8 HD Display, 16 GB, Tangerine - with Special Offers"
2,472,2_great_good_price_tablet,"['great', 'good', 'price', 'tablet', 'nice', 'best', 'love', 'product', 'gift', 'recommend']","['price great', 'great tablet price', 'great tablet price']",Affordable Tablet Options,True,"Fire HD 8 Tablet with Alexa, 8 HD Display, 16 GB, Tangerine - with Special Offers"
3,357,3_loves_love_christmas_daughter,"['loves', 'love', 'christmas', 'daughter', 'bought', 'gift', 'loved', 'son', 'old', 'wife']","['daughter christmas loves', 'daughter christmas loves', 'bought daughter loves']",Gift for Young Readers,True,"Fire HD 8 Tablet with Alexa, 8 HD Display, 16 GB, Tangerine - with Special Offers"
4,310,4_tablet_use_bought_easy,"['tablet', 'use', 'bought', 'easy', 'apps', 'better', 'kindle', 'price', 'upgrade', 'easier']","['tablet easy use', 'easy use tablet', 'easy use tablet']",User-friendliness of tablets,True,"Fire HD 8 Tablet with Alexa, 8 HD Display, 16 GB, Tangerine - with Special Offers"
0,14,0_didnt_tablet_ad_lack,"['didnt', 'tablet', 'ad', 'lack', 'dead', 'isnt', 'day', 'compatible', 'kind', 'buffers']","['didnt want sites', 'didnt features looking', 'tried tablet didnt']",Limited functionality for advanced users.,False,"All-New Fire HD 8 Tablet, 8 HD Display, Wi-Fi, 16 GB - Includes Special Offers, Black"
1,11,1_buy_remove_time_laggy,"['buy', 'remove', 'time', 'laggy', 'bad', 'sorry', 'says', 'restarting', 'quit', 'plus']","['business time sorry', 'buy says bad', 'hate buy sucks']",**Customer Dissatisfaction and Repurchase Intent**,False,"All-New Fire HD 8 Tablet, 8 HD Display, Wi-Fi, 16 GB - Includes Special Offers, Black"
2,11,2_tablet_performance_need_use,"['tablet', 'performance', 'need', 'use', 'unhappy', 'trouble', 'store', 'shop', 'shoot', 'returning']","['went store hoping', 'planning returning tablet', 'happy tablet unhappy']",Customer Satisfaction and Return Policies,False,"All-New Fire HD 8 Tablet, 8 HD Display, Wi-Fi, 16 GB - Includes Special Offers, Black"
3,6,3_died_unreliable_unpredictable_unfortunately,"['died', 'unreliable', 'unpredictable', 'unfortunately', 'unbecoming', 'purchased', 'product', 'problem', 'opportunity', 'manufacturers']","['hd purchased died', 'consumer opportunity unbecoming', 'available unpredictable unreliable']",Device Reliability and Customer Support,False,"All-New Fire HD 8 Tablet, 8 HD Display, Wi-Fi, 16 GB - Includes Special Offers, Black"
4,5,4_unit_touch_th_way,"['unit', 'touch', 'th', 'way', 'size', 'repaired', 'powerful', 'kindlle', 'exchange', 'different']","['bring exchange different', 'way th kindlle', 'touch unit repaired']",Refurbished Devices: Reliability and Value,False,"All-New Fire HD 8 Tablet, 8 HD Display, Wi-Fi, 16 GB - Includes Special Offers, Black"
0,681,0_tablet_use_ipad_kindle,"['tablet', 'use', 'ipad', 'kindle', 'need', 'didnt', 'cheap', 'expensive', 'dont', 'amazon']","['tablet expensive tablet', 'kindle use tablet', 'use tablet']",Tablet value and utility.,True,"All-New Fire HD 8 Tablet, 8 HD Display, Wi-Fi, 16 GB - Includes Special Offers, Black"
1,550,1_price_great_tablet_easy,"['price', 'great', 'tablet', 'easy', 'use', 'best', 'screen', 'works', 'read', 'recommend']","['tablet great price', 'tablet great price', 'great tablet price']",Affordable Tablet Value,True,"All-New Fire HD 8 Tablet, 8 HD Display, Wi-Fi, 16 GB - Includes Special Offers, Black"
2,412,2_easy_tablet_use_kindle,"['easy', 'tablet', 'use', 'kindle', 'amazon', 'bought', 'reading', 'books', 'apps', 'better']","['tablet easy use', 'easy use tablet', 'use tablet easy']",Ease of Use and Accessibility,True,"All-New Fire HD 8 Tablet, 8 HD Display, Wi-Fi, 16 GB - Includes Special Offers, Black"
3,342,3_love_loves_gift_christmas,"['love', 'loves', 'gift', 'christmas', 'bought', 'loved', 'wife', 'daughter', 'kindle', 'son']","['love tablet', 'bought gift love', 'bought gift loves']",A great gift idea.,True,"All-New Fire HD 8 Tablet, 8 HD Display, Wi-Fi, 16 GB - Includes Special Offers, Black"
4,335,4_great_good_price_tablet,"['great', 'good', 'price', 'tablet', 'nice', 'perfect', 'happy', 'product', 'awesome', 'kindle']","['really great price', 'price great', 'great product price']",Affordability and Value,True,"All-New Fire HD 8 Tablet, 8 HD Display, Wi-Fi, 16 GB - Includes Special Offers, Black"
0,15,0_confusing_amazon_complicated_cumbersome,"['confusing', 'amazon', 'complicated', 'cumbersome', 'kid', 'really', 'breaks', 'connect', 'damage', 'worse']","['cumbersome complicated kid', 'amazon really confusing', 'amazon really confusing']",Difficulty for children to use.,False,"Fire Kids Edition Tablet, 7 Display, Wi-Fi, 16 GB, Blue Kid-Proof Case"
1,14,1_frustrating_friendly_toddler_quality,"['frustrating', 'friendly', 'toddler', 'quality', 'different', 'disappointed', 'way', 'slow', 'returning', 'wanted']","['disappointed toddler friendly', 'quality way frustrating', 'quality way frustrating']",Device usability for children.,False,"Fire Kids Edition Tablet, 7 Display, Wi-Fi, 16 GB, Blue Kid-Proof Case"
2,12,2_grandniece_happy_regular_protective,"['grandniece', 'happy', 'regular', 'protective', 'im', 'wasnt', 'tablet', 'returning', 'thats', 'thanks']","['regular tablet protective', 'happy grandniece wasnt', 'happy grandniece wasnt']",Kid-Friendly Durability and Entertainment,False,"Fire Kids Edition Tablet, 7 Display, Wi-Fi, 16 GB, Blue Kid-Proof Case"
3,10,3_lacking_gig_recommend_troubles,"['lacking', 'gig', 'recommend', 'troubles', 'repossess', 'rating', 'products', 'paid', 'overpriced', 'loaded']","['products ive troubles', 'lacking gig recommend', 'lacking gig recommend']",Performance and Storage Limitations,False,"Fire Kids Edition Tablet, 7 Display, Wi-Fi, 16 GB, Blue Kid-Proof Case"
4,9,4_doesnt_battery_content_attention,"['doesnt', 'battery', 'content', 'attention', 'wouldnt', 'didnt', 'bad', 'exchange', 'freezes', 'freezing']","['attention battery didnt', 'content bad doesnt', 'content bad doesnt']",Tablet Performance and Content Access,False,"Fire Kids Edition Tablet, 7 Display, Wi-Fi, 16 GB, Blue Kid-Proof Case"
0,569,0_tablet_old_doesnt_use,"['tablet', 'old', 'doesnt', 'use', 'little', 'dont', 'dropped', 'son', 'amazon', 'problem']","['use doesnt want', 'tablet children doesnt', 'tablet children doesnt']",Tablet Usage for Children,True,"Fire Kids Edition Tablet, 7 Display, Wi-Fi, 16 GB, Blue Kid-Proof Case"
1,433,1_loves_daughter_grandson_love,"['loves', 'daughter', 'grandson', 'love', 'granddaughter', 'tablet', 'bought', 'son', 'old', 'niece']","['daughter loves tablet', 'daughter loves tablet', 'tablet daughter loves']",Children's entertainment and learning devices,True,"Fire Kids Edition Tablet, 7 Display, Wi-Fi, 16 GB, Blue Kid-Proof Case"
2,375,2_kids_apps_tablet_games,"['kids', 'apps', 'tablet', 'games', 'play', 'use', 'educational', 'easy', 'kid', 'great']","['kids play easy', 'apps games', 'kids apps']",Device for Kids' Entertainment,True,"Fire Kids Edition Tablet, 7 Display, Wi-Fi, 16 GB, Blue Kid-Proof Case"
3,365,3_great_love_good_kids,"['great', 'love', 'good', 'kids', 'tablet', 'fun', 'gift', 'price', 'learning', 'product']","['love great price', 'great tablet kids', 'tablet kids great']",Affordable tablets for children,True,"Fire Kids Edition Tablet, 7 Display, Wi-Fi, 16 GB, Blue Kid-Proof Case"
4,188,4_easy_tablet_use_bought,"['easy', 'tablet', 'use', 'bought', 'time', 'card', 'memory', 'amazon', 'kindle', 'kids']","['easy kids use', 'kids easy use', 'tablet easy use']",Ease of Use for Children,True,"Fire Kids Edition Tablet, 7 Display, Wi-Fi, 16 GB, Blue Kid-Proof Case"
0,17,0_internet_apps_access_gig,"['internet', 'apps', 'access', 'gig', 'dropped', 'breaks', 'didnt', 'damage', 'cumbersome', 'connect']","['didnt useful yr', 'blocked types ahead', 'work dropped internet']",**Connectivity and Longevity Concerns**,False,"Fire Kids Edition Tablet, 7 Display, Wi-Fi, 16 GB, Pink Kid-Proof Case"
1,10,1_frustrating_loose_smaller_thrilled,"['frustrating', 'loose', 'smaller', 'thrilled', 'protection', 'nephew', 'barely', 'lack', 'hours', 'hear']","['thrilled lack protection', 'hours exaggerating bit', 'barely hear returned']",Durability and Audio Quality Concerns,False,"Fire Kids Edition Tablet, 7 Display, Wi-Fi, 16 GB, Pink Kid-Proof Case"
2,10,2_good_ok_happy_thats,"['good', 'ok', 'happy', 'thats', 'thanks', 'samsungs', 'purchased', 'tried', 'likes', 'took']","['happy grandniece wasnt', 'good ok use', 'quality good dont']","Tablet Experience: Quality, Value, and User Satisfaction",False,"Fire Kids Edition Tablet, 7 Display, Wi-Fi, 16 GB, Pink Kid-Proof Case"
3,9,3_tablets_ipad_repossess_apps,"['tablets', 'ipad', 'repossess', 'apps', 'doesnt', 'procedurethats', 'loaded', 'load', 'paid', 'initial']","['apps time doesnt', 'tablets repossess ipad', 'tablets repossess ipad']",Tablet App Performance and Ownership Concerns,False,"Fire Kids Edition Tablet, 7 Display, Wi-Fi, 16 GB, Pink Kid-Proof Case"
4,8,4_wouldnt_tablet_exchange_geared,"['wouldnt', 'tablet', 'exchange', 'geared', 'freezes', 'like', 'content', 'connecting', 'bad', 'product']","['regular tablet protective', 'tablet like geared', 'reported wouldnt turn']",Durability and Performance Issues with Tablets,False,"Fire Kids Edition Tablet, 7 Display, Wi-Fi, 16 GB, Pink Kid-Proof Case"
0,481,0_tablet_old_doesnt_little,"['tablet', 'old', 'doesnt', 'little', 'dont', 'use', 'dropped', 'slow', 'battery', 'kids']","['needs tablet dont', 'tablet children doesnt', 'great tablet doesnt']",Tablet suitability for different user groups,True,"Fire Kids Edition Tablet, 7 Display, Wi-Fi, 16 GB, Pink Kid-Proof Case"
1,379,1_kids_tablet_apps_use,"['kids', 'tablet', 'apps', 'use', 'games', 'great', 'easy', 'learning', 'bought', 'loves']","['lots apps kids', 'kids play easy', 'kids like apps']",Engaging and accessible devices for children's entertainment.,True,"Fire Kids Edition Tablet, 7 Display, Wi-Fi, 16 GB, Pink Kid-Proof Case"
2,375,2_loves_daughter_love_grandson,"['loves', 'daughter', 'love', 'grandson', 'granddaughter', 'old', 'son', 'bought', 'tablet', 'christmas']","['loves tablet', 'tablet daughter loves', 'daughter loves tablet']",**Topic: User Satisfaction with Children's Tablets**,True,"Fire Kids Edition Tablet, 7 Display, Wi-Fi, 16 GB, Pink Kid-Proof Case"
3,261,3_great_good_kids_love,"['great', 'good', 'kids', 'love', 'fun', 'gift', 'tablet', 'perfect', 'price', 'entertained']","['gift kids great', 'tablet kids great', 'great tablet kids']",Excellent Present for Children,True,"Fire Kids Edition Tablet, 7 Display, Wi-Fi, 16 GB, Pink Kid-Proof Case"
4,124,4_easy_use_tablet_amazon,"['easy', 'use', 'tablet', 'amazon', 'kids', 'play', 'games', 'time', 'free', 'like']","['kids easy use', 'easy kids use', 'tablet easy use']",**Topic: User-Friendliness for Children's Devices**,True,"Fire Kids Edition Tablet, 7 Display, Wi-Fi, 16 GB, Pink Kid-Proof Case"
0,19,0_didnt_use_doesnt_wish,"['didnt', 'use', 'doesnt', 'wish', 'wouldve', 'hard', 'bought', 'girlfriend', 'product', 'functions']","['wish wouldve bought', 'use functions didnt', 'use functions didnt']",User experience beyond basic media consumption.,False,Amazon Tap Smart Assistant Alexaenabled (black) Brand New
1,15,1_terrible_bass_worked_thinking,"['terrible', 'bass', 'worked', 'thinking', 'scratchy', 'quality', 'fluke', 'compare', 'avail', 'tin']","['terrible bass scratchy', 'terrible bass scratchy', 'terrible bass scratchy']","Audio Quality Issues
",False,Amazon Tap Smart Assistant Alexaenabled (black) Brand New
2,9,2_alexa_answering_sound_satisfied,"['alexa', 'answering', 'sound', 'satisfied', 'questions', 'loses', 'dont', 'defeat', 'communicate', 'comes']","['satisfied sound loses', 'communicate alexa defeat', 'communicate alexa defeat']",Sound Quality and Voice Assistant Issues,False,Amazon Tap Smart Assistant Alexaenabled (black) Brand New
3,7,3_talking_speaker_phone_portable,"['talking', 'speaker', 'phone', 'portable', 'charger', 'battery', 'tap', 'echo', '', '']","['speaker talking phone', 'speaker talking phone', 'speaker talking phone']",Device Audio Quality,False,Amazon Tap Smart Assistant Alexaenabled (black) Brand New
4,5,4_say_keeps_understand_purchases,"['say', 'keeps', 'understand', 'purchases', 'music', 'additional', '', '', '', '']","['keeps say understand', 'keeps say understand', 'keeps say understand']",Speech recognition issues.,False,Amazon Tap Smart Assistant Alexaenabled (black) Brand New
0,473,0_sound_echo_use_great,"['sound', 'echo', 'use', 'great', 'easy', 'alexa', 'love', 'loves', 'music', 'like']","['great easy use', 'great easy use', 'easy use sound']",User-friendliness and audio quality.,True,Amazon Tap Smart Assistant Alexaenabled (black) Brand New
1,375,1_tap_phone_dont_didnt,"['tap', 'phone', 'dont', 'didnt', 'battery', 'doesnt', 'wanted', 'need', 'echo', 'little']","['music phone tap', 'music phone tap', 'music phone tap']",Portable entertainment devices,True,Amazon Tap Smart Assistant Alexaenabled (black) Brand New
2,240,2_great_love_product_gift,"['great', 'love', 'product', 'gift', 'good', 'fun', 'awesome', 'amazing', 'loves', 'happy']","['product great sound', 'great sound love', 'great sound love']",Fantastic Audio Experience,True,Amazon Tap Smart Assistant Alexaenabled (black) Brand New
3,196,3_portable_amazon_tap_use,"['portable', 'amazon', 'tap', 'use', 'speaker', 'echo', 'sound', 'speakers', 'alexa', 'bluetooth']","['tap echo portable', 'tap portable amazon', 'tap portable amazon']",Portable smart device compatibility.,True,Amazon Tap Smart Assistant Alexaenabled (black) Brand New
4,121,4_battery_speaker_bluetooth_amazon,"['battery', 'speaker', 'bluetooth', 'amazon', 'talk', 'plugged', 'weather', 'button', 'using', 'wake']","['rechargeable battery portable', 'music bluetooth speaker', 'music bluetooth speaker']",Portable Entertainment and Audio Connectivity,True,Amazon Tap Smart Assistant Alexaenabled (black) Brand New
0,14,0_ads_tablet_getting_basically,"['ads', 'tablet', 'getting', 'basically', 'kids', 'install', 'filled', 'screwing', 'bad', 'skipping']","['install basically worthless', 'screwing filled ads', 'screwing filled ads']",Ad-Filled Devices and User Experience,False,"Fire Tablet, 7 Display, Wi-Fi, 16 GB - Includes Special Offers, Black"
1,12,1_gives_best_worse_planning,"['gives', 'best', 'worse', 'planning', 'performance', 'misleading', 'dont', 'slow', 'terrible', 'purchase']","['slow performance dont', 'worse purchase best', 'slow performance dont']",Poor Performance and User Dissatisfaction,False,"Fire Tablet, 7 Display, Wi-Fi, 16 GB - Includes Special Offers, Black"
2,8,2_work_wouldnt_isnt_google,"['work', 'wouldnt', 'isnt', 'google', 'product', 'tablet', 'different', 'difficult', 'wall', 'shut']","['google tablet isnt', 'work product wouldnt', 'work product wouldnt']",Tablet user experience and compatibility,False,"Fire Tablet, 7 Display, Wi-Fi, 16 GB - Includes Special Offers, Black"
3,8,3_webroot_included_impossible_facebook,"['webroot', 'included', 'impossible', 'facebook', 'expected', 'device', 'children', 'apps', 'buying', 'month']","['webroot included impossible', 'facebook apps expected', 'webroot included impossible']",Apps and Security Concerns,False,"Fire Tablet, 7 Display, Wi-Fi, 16 GB - Includes Special Offers, Black"
4,5,4_user_frustrating_experience_battery,"['user', 'frustrating', 'experience', 'battery', 'trouble', 'problem', 'holding', 'defect', 'charged', 'aware']","['battery trouble holding', 'frustrating experience user', 'frustrating experience user']",Device battery and user experience issues.,False,"Fire Tablet, 7 Display, Wi-Fi, 16 GB - Includes Special Offers, Black"
0,488,0_tablet_use_wanted_amazon,"['tablet', 'use', 'wanted', 'amazon', 'need', 'kindle', 'small', 'replace', 'cheap', 'reading']","['bought tablet replace', 'like tablet use', 'wanted tablet']",**Discussion Topic: User Motivations for Tablet Purchase and Satisfaction**,True,"Fire Tablet, 7 Display, Wi-Fi, 16 GB - Includes Special Offers, Black"
1,356,1_great_good_price_tablet,"['great', 'good', 'price', 'tablet', 'product', 'perfect', 'nice', 'works', 'happy', 'recommend']","['product great price', 'product great price', 'product great price']",Affordability and Value,True,"Fire Tablet, 7 Display, Wi-Fi, 16 GB - Includes Special Offers, Black"
2,255,2_easy_games_tablet_books,"['easy', 'games', 'tablet', 'books', 'kindle', 'use', 'read', 'price', 'apps', 'user']","['tablet easy use', 'tablet easy use', 'tablet easy use']",Ease of Use for Tablets,True,"Fire Tablet, 7 Display, Wi-Fi, 16 GB - Includes Special Offers, Black"
3,178,3_loves_daughter_bought_old,"['loves', 'daughter', 'bought', 'old', 'gift', 'son', 'kids', 'love', 'easy', 'got']","['tablet daughter loves', 'daughter loves tablet', 'daughter loves tablet']",Kids' tablet experience,True,"Fire Tablet, 7 Display, Wi-Fi, 16 GB - Includes Special Offers, Black"
4,81,4_love_loved_christmas_loves,"['love', 'loved', 'christmas', 'loves', 'color', 'gift', 'absolutely', 'children', 'present', 'old']","['love easy use', 'love easy use', 'price love']",Ease of Use and Value,True,"Fire Tablet, 7 Display, Wi-Fi, 16 GB - Includes Special Offers, Black"
0,4,0_voyage_realize_kindle_fault,"['voyage', 'realize', 'kindle', 'fault', 'disappointed', 'customer', '', '', '', '']","['disappointed kindle voyage', 'customer realize fault', 'disappointed kindle voyage']",**Topic:** User Experience and Expectations with e-Readers,False,"Kindle Voyage E-reader, 6 High-Resolution Display (300 ppi) with Adaptive Built-in Light, PagePress Sensors, Wi-Fi - Includes Special Offers"
1,4,1_upgrade_real_paperwhite_night,"['upgrade', 'real', 'paperwhite', 'night', 'light', '', '', '', '', '']","['night light', 'real upgrade paperwhite', 'real upgrade paperwhite']","Improved reading experience, especially at night.",False,"Kindle Voyage E-reader, 6 High-Resolution Display (300 ppi) with Adaptive Built-in Light, PagePress Sensors, Wi-Fi - Includes Special Offers"
2,3,2_new_buy_annoyed_read,"['new', 'buy', 'annoyed', 'read', 'landscape', 'annoying', '', '', '', '']","['annoying read landscape', 'buy new annoyed', 'buy new annoyed']",Frustration with forced landscape mode.,False,"Kindle Voyage E-reader, 6 High-Resolution Display (300 ppi) with Adaptive Built-in Light, PagePress Sensors, Wi-Fi - Includes Special Offers"
3,2,3_service_refer_defintely_,"['service', 'refer', 'defintely', '', '', '', '', '', '', '']","['service defintely refer', 'service defintely refer']",Customer service and referral programs.,False,"Kindle Voyage E-reader, 6 High-Resolution Display (300 ppi) with Adaptive Built-in Light, PagePress Sensors, Wi-Fi - Includes Special Offers"
4,1,4_new_buy_annoyed_,"['new', 'buy', 'annoyed', '', '', '', '', '', '', '']",['buy new annoyed'],Frustration with device performance and recurring issues.,False,"Kindle Voyage E-reader, 6 High-Resolution Display (300 ppi) with Adaptive Built-in Light, PagePress Sensors, Wi-Fi - Includes Special Offers"
0,374,0_paperwhite_better_battery_books,"['paperwhite', 'better', 'battery', 'books', 'little', 'doesnt', 'need', 'dont', 'kindle', 'read']","['bought better paperwhite', 'better paperwhite', 'better paperwhite']",E-reader comparison.,True,"Kindle Voyage E-reader, 6 High-Resolution Display (300 ppi) with Adaptive Built-in Light, PagePress Sensors, Wi-Fi - Includes Special Offers"
1,279,1_kindle_best_light_ereader,"['kindle', 'best', 'light', 'ereader', 'paperwhite', 'time', 'makes', 'battery', 'version', 'screen']","['use best kindle', 'use best kindle', 'kindle light']",Optimizing Your E-Reading Experience,True,"Kindle Voyage E-reader, 6 High-Resolution Display (300 ppi) with Adaptive Built-in Light, PagePress Sensors, Wi-Fi - Includes Special Offers"
2,203,2_great_nice_happy_recommend,"['great', 'nice', 'happy', 'recommend', 'reading', 'gift', 'good', 'worth', 'reader', 'love']","['great reader bought', 'great reader bought', 'great product love']",Excellent for Reading,True,"Kindle Voyage E-reader, 6 High-Resolution Display (300 ppi) with Adaptive Built-in Light, PagePress Sensors, Wi-Fi - Includes Special Offers"
3,203,3_read_easy_reading_books,"['read', 'easy', 'reading', 'books', 'like', 'carry', 'kindle', 'weight', 'book', 'use']","['kindle read', 'easy read screen', 'easy read screen']",Reading Experience and Screen Quality,True,"Kindle Voyage E-reader, 6 High-Resolution Display (300 ppi) with Adaptive Built-in Light, PagePress Sensors, Wi-Fi - Includes Special Offers"
4,89,4_love_loves_kindle_voyage,"['love', 'loves', 'kindle', 'voyage', 'new', 'kindles', 'daughter', 'mother', 'friend', 'read']","['love new kindle', 'love kindle voyage', 'love kindle voyage']",Reading Experience,True,"Kindle Voyage E-reader, 6 High-Resolution Display (300 ppi) with Adaptive Built-in Light, PagePress Sensors, Wi-Fi - Includes Special Offers"
