,productName,pros_percentage,cons_percentage,pros,cons
0,"Fire Tablet, 7 Display, Wi-Fi, 8 GB - Includes Special Offers, Magenta",97.0,3.0,"This tablet offers excellent value, making it a highly satisfactory purchase for various users. Its user-friendliness and affordable price point contribute to a positive experience. It is a popular gift choice, particularly for children, who greatly enjoy it. The device is versatile and easy to operate, suitable for games and general use. Overall, this Amazon tablet is an economical and practical option for entertainment and basic applications.","While affordable, this device is hindered by intrusive advertisements and a frequently unresponsive display. Its performance is notably sluggish, with poor internet connectivity and a fragile screen prone to cracking. Many users found its limited app store frustrating, making it unsuitable for their needs and often leading to returns. Despite its attractive price, the tablet's functionality is limited, making it a questionable purchase unless specific Google apps are not required. Overall, it's a decent, budget-friendly option, especially as a gift for children, though its limitations should be considered."
1,AmazonBasics AAA Performance Alkaline Batteries (36 Count),90.0,10.0,"These AmazonBasics AAA alkaline cells offer excellent performance and value, consistently working well for various devices. They are a cost-effective alternative to more expensive brands, providing impressive longevity. Customers appreciate the quality and affordability of this product. Many users find them to last as long as, if not longer than, premium alternatives. Overall, they are a highly recommended purchase for everyday power needs.","These AmazonBasics AAA batteries are frequently described as performing poorly, leading to wasted money and disappointment. Many users report issues with leakage and short lifespan, often finding them dead or low on power quickly. They often fail to work as expected, with some finding half of the pack to be useless. Despite being inexpensive, their performance is often compared unfavorably to brands like Duracell, lasting only a fraction of the time. Ultimately, they struggle to hold a charge for extended periods, making them a less reliable option compared to other brands."
2,"Echo (White),,,
Echo (White),,,",99.0,1.0,"This device makes playing music at home effortless through voice commands. Its sound quality is excellent, making it a highly recommended product. The unit is user-friendly, allowing for easy interaction with its virtual assistant. It's a popular gift choice, bringing joy to many households. Overall, this home assistant simplifies daily tasks and entertainment needs.","Users often experience constant frustration due to unanswered queries and a lack of information. Its utility is limited, with sporadic connectivity issues hindering its basic functions. Many find Alexa's responses unhelpful and disappointing, making the device seem ineffective. Despite initial enthusiasm, some have found the product to be inferior compared to other smart home devices. Furthermore, it often fails to provide comprehensive answers, especially when compared to alternative digital assistants."
3,,99.0,1.0,"This device is highly regarded, offering an excellent user experience. It seamlessly integrates with various entertainment sources, enhancing your viewing pleasure. Delivering superior streaming quality, it's ideal for watching movies and other content. Its setup is straightforward, ensuring smooth and rapid app performance. Overall, this product is a fantastic and user-friendly addition to any home entertainment system.","This device from Amazon is prone to lagging, freezing, and overheating, often requiring resets, making its remote frustratingly useless. Users find it difficult to connect and operate other devices, reporting that it's glitchy and doesn't perform as expected compared to other streaming boxes. The product frequently buffers and struggles with network connections, rendering it unable to stream popular services like Netflix without interruption. Despite its shortcomings, it offers some live TV capabilities and is an acceptable option for basic streaming, though many prefer the reliability of Roku. Overall, its performance issues make it a disappointing purchase for many users."
4,AmazonBasics AA Performance Alkaline Batteries (48 Count) - Packaging May Vary,90.0,10.0,"These AmazonBasics alkaline cells offer a cost-effective alternative to pricier brands, often performing comparably in longevity. They represent a smart purchase, providing reliable power at an excellent value. Many users find them to function well and offer extended use for their devices. Overall, this product delivers good quality and is considered a worthwhile deal.","These AmazonBasics AA batteries offer a cost-effective alternative for general use, though their longevity may not match premium brands like Duracell. Some users have reported issues with a shorter lifespan or early failure in certain devices. There have been instances of defective cells or a lack of consistent power output. However, for less demanding applications like remote controls, these batteries generally perform acceptably. A few consumers have experienced them dying faster than expected."
5,"All-New Fire HD 8 Tablet, 8 HD Display, Wi-Fi, 16 GB - Includes Special Offers, Magenta",98.0,2.0,"This tablet offers a great user experience, making it an excellent and easy-to-use device for reading and various applications. It's a fantastic value, often described as a thoughtful gift for loved ones of all ages. The device performs well, proving to be a highly functional and affordable option. Its affordability combined with its utility for various apps makes it a smart purchase. Overall, this tablet provides a satisfying experience for its price.","This tablet handles various applications well, though some may experience buffering without sufficient memory. However, the presence of persistent advertisements is a significant drawback for many users. While generally reliable, some units have experienced unexpected power issues and system crashes. Despite its limitations compared to higher-end devices, its affordability makes it an attractive option for basic media consumption. The device offers decent power for its compact size, making it suitable for everyday tasks."
6,"Amazon Kindle Paperwhite - eBook reader - 4 GB - 6 monochrome Paperwhite - touchscreen - Wi-Fi - black,,,",99.0,1.0,"This e-reader is highly praised for its overall quality and user satisfaction. Its excellent battery life and comfortable illumination make it ideal for extended reading sessions. Users find it exceptionally easy to use, enhancing the reading experience significantly. It's a popular choice for replacing older models, offering improved features and convenience. Many consider it a perfect present for avid readers due to its enjoyable functionality.","This device offers good portability for reading. Its functionality can be problematic, with users reporting freezing and issues with book downloads. The screen can be jumpy, and some find the inability to easily load content irritating. Despite these drawbacks, it remains a popular choice for reading ebooks, especially for its illuminated display."
7,"Fire Kids Edition Tablet, 7 Display, Wi-Fi, 16 GB, Green Kid-Proof Case",97.0,3.0,"This tablet is a fantastic, durable device that's easy for children to use, making it an excellent product for young ones. Kids adore this device, enjoying its games and apps, making it a perfect gift for birthdays or holidays. Its user-friendly interface allows children to easily navigate and play, while the robust design ensures it can withstand drops. The tablet provides access to a variety of applications through an Amazon account, and its storage can be expanded with an SD card. Overall, it's a highly recommended and much-loved device for children.","This tablet offers a kid-friendly experience, but some users find its performance slow and prefer other devices. There have been issues reported with its functionality and the app store, leading to disappointment for some. While generally suitable for children, certain aspects like connectivity can be difficult. It's important to consider its charging and download capabilities before purchasing."
8,"Fire Tablet with Alexa, 7 Display, 16 GB, Blue - with Special Offers",96.0,4.0,"This device is an excellent and affordable option, perfect for various users, including children, due to its user-friendly interface. It's ideal for reading Kindle books and using apps, offering a better experience than some alternatives. A popular gift choice, it's frequently purchased for daughters, wives, and for leisurely reading. While generally well-regarded, some users have noted concerns regarding battery life.","This Fire Tablet struggles with battery life, requiring frequent charging, and users found its performance for everyday apps like Facebook to be below expectations. Many reviewers felt the device offered a poor user experience due to intrusive ads and limited app store functionality. Owners expressed disappointment, particularly with its updated version, finding it didn't offer significant improvements and some even deemed it worthless. The tablet also faced criticism for its unreliable functionality, with some devices failing to register or constantly turning off. Despite these issues, some found it to be a good device for children, particularly for gifting."
9,"Fire HD 8 Tablet with Alexa, 8 HD Display, 16 GB, Tangerine - with Special Offers",98.0,2.0,"This tablet is an excellent and affordable gift, especially popular with children. Its ease of use makes it ideal for reading and accessing content from Amazon. The device offers a great screen and performs well for its value. Many users have expressed their delight, often purchasing it as a successful present. Its affordability and access to a wide range of applications make it a practical choice.","This tablet is not a suitable alternative to more popular brands, and its performance is hampered by persistent advertisements and a clunky interface. Users often experience frustratingly slow app performance and significant lag. The device also suffers from poor battery life and a tendency to stop working prematurely, with many units failing within a few months of purchase. "
10,"All-New Fire HD 8 Tablet, 8 HD Display, Wi-Fi, 16 GB - Includes Special Offers, Black",98.0,2.0,"This tablet offers an excellent reading experience, especially for Kindle books, at a very affordable price. It makes a wonderful gift due to its overall value and user-friendly design. The device is easy to operate and boasts good battery life. It's a popular choice for all ages and a great way to access various apps through the Amazon store.","The tablet offers an improved user experience compared to its predecessors. While some applications may experience slow performance, the device boasts a long-lasting battery. It is a suitable option for children, offering various games and puzzles. However, users should be aware of potential limitations and occasional unreliability."
11,"Fire Kids Edition Tablet, 7 Display, Wi-Fi, 16 GB, Blue Kid-Proof Case",97.0,3.0,"Children absolutely adore this device, enjoying a variety of games and content. It's a highly recommended product for kids due to its great apps and durable, easy-to-use design. Many recipients were delighted to receive this as a gift, making it a popular choice. The tablet offers an easy and enjoyable experience for kids to play games and utilize various applications. Its sturdy build has proven resilient, even when occasionally dropped.","This tablet offers a friendly experience for toddlers to play with, though some found its quality disappointing. The device's memory is often cited as lacking, leading to slow loading times for apps and content. While the protective case is a plus, some users have reported issues with charging and slow internet. Overall, the tablet's interface can be complicated and confusing, especially regarding port positioning."
12,"Fire Kids Edition Tablet, 7 Display, Wi-Fi, 16 GB, Pink Kid-Proof Case",97.0,3.0,"This tablet is highly cherished by children and their parents for its engaging features. It makes an excellent present, delighting recipients with its entertainment value. The device offers a wide range of beneficial applications for educational and recreational purposes at an accessible price. Its user-friendly interface allows children to effortlessly navigate and enjoy games and apps, even with extended battery life. Furthermore, managing content and accounts on the device is straightforward, ensuring a smooth experience. 
","This tablet often struggles with app functionality, frequently failing to load or connect, making it difficult to use. Many users have found its performance frustrating, with devices breaking down within days, particularly for younger children. Locating content and dealing with hidden fees proved challenging, leading to buyer dissatisfaction. While the device is advertised for kids, its charging and overall usability can be problematic. Compared to other devices like iPads, these tablets are often seen as overpriced with limited warranty support."
13,Amazon Tap Smart Assistant Alexaenabled (black) Brand New,96.0,4.0,"This portable speaker offers an amazing audio experience, perfect for music lovers. It functions as a versatile Bluetooth speaker with impressive sound quality, making it a great alternative to the Echo. While generally easy to use, some found the button activation a bit challenging. Ideal for gifting, this device allows users to effortlessly listen to their favorite tunes with Alexa's assistance. Its long battery life and portable design make it suitable for use anywhere in your home.","This device offers a good concept for its users, but its voice quality is often terrible and it loses steam quickly. It struggles to understand questions and make purchases, with many users experiencing issues getting it to work properly. Despite being portable and having music capabilities, its overall performance has led to frustration and returns."
14,"Fire Tablet, 7 Display, Wi-Fi, 16 GB - Includes Special Offers, Black",96.0,4.0,"This device is highly regarded for its affordability, making it an excellent choice for reading e-books and general use, especially for children. Many users find it to be a perfect and well-received present. It offers a user-friendly experience, proving to be a solid alternative for those seeking a more budget-friendly option than other popular brands. While it serves its purpose well for basic tasks, some users note its lower cost reflects its general quality and battery life. ","The device offers a less-than-optimal user experience due to security complexities. Its performance is unreliable, with constant issues that hinder functionality. Many users found it disappointing, with some units being defective and rendering it worthless. Despite its affordability, the tablet struggles with basic functions like charging and updating. However, it can be a decent option for children."
15,"Kindle Voyage E-reader, 6 High-Resolution Display (300 ppi) with Adaptive Built-in Light, PagePress Sensors, Wi-Fi - Includes Special Offers",99.0,1.0,"This e-reader offers an amazing reading experience with great features and a long-lasting battery. Its high-resolution screen and adaptive light make it easy and comfortable to read in any environment, proving to be a superior ereader. Compared to previous models, it provides a significantly improved reading experience and is a worthwhile upgrade. It makes an excellent gift, delighting recipients with its advanced features. While it may feel slightly different to hold than older versions, its enhanced capabilities more than compensate.","While generally a good e-reader, some users experienced a defective unit with an annoying landscape reading mode and issues with the display. However, customer service was helpful, swiftly resolving problems and ensuring users received a working device. The device itself offers a great reading experience, though a few instances of a cracked screen were reported."
